<?xml version="1.0" encoding="utf-8"?>
<AutoStore NSI_SIG2="CA888B27D8A707D9FA1DB4FDE7F67B9D9141BDB4D246E2428E60AEAA7F59FA3A28C318163A4FF77A39E2A2D361592030">
	<Header Version="2" DateCreated="2020-09-16" TimeCreated="13:01:48" AUTHOR="" COMMENTS=""/>
	<KnowledgeObjects ObjID="4147615418-668-16827-185-130">
		<KnowledgeObject ObjID="815541002-19478-18771-184-225">
			<KnowledgeDocuments>
				<KnowledgeDocument Type="PDF" Name="13690-09.PDF" ObjID="2505422749-47430-17977-184-185" DocRef="2259038935-10571-19881-188-209.dat"/>
			</KnowledgeDocuments>
			<KnowledgeFields>
				<Field Name="SignerName" Value="John Campbell-Higgens"/>
				<Field Name="SignerEmail" Value="john.campbellhiggens@kofax.com"/>
				<Field Name="PackageName" Value="Customer Service Agreement 13690"/>
			</KnowledgeFields>
		</KnowledgeObject>
	</KnowledgeObjects>
</AutoStore>
