<?xml version="1.0" encoding="utf-8"?>
<AutoStore NSI_SIG2="2C9C0783E5BFA5F1888744CCE3DCE05FD90EC6853F1EF521E2D4B3F2FA009EE07F2D9FE0401F1DE0B369BB2C1B129F3E">
	<Header Version="2" DateCreated="2020-09-16" TimeCreated="08:29:21" AUTHOR="" COMMENTS=""/>
	<KnowledgeObjects ObjID="4181306263-43457-19020-188-246">
		<KnowledgeObject ObjID="819946134-17364-18884-165-11">
			<KnowledgeDocuments>
				<KnowledgeDocument Type="PDF" Name="13690-09.PDF" ObjID="1774151859-2205-19518-163-248" DocRef="2336540719-28117-17289-178-241.dat"/>
			</KnowledgeDocuments>
			<KnowledgeFields>
				<Field Name="SignerName" Value="John Campbell-Higgens"/>
				<Field Name="SignerEmail" Value="john.campbellhiggens@kofax.com"/>
				<Field Name="PackageName" Value="Signing Package Demo"/>
			</KnowledgeFields>
		</KnowledgeObject>
	</KnowledgeObjects>
</AutoStore>
