<?xml version="1.0" encoding="utf-8"?>
<AutoStore NSI_SIG2="BA1A9FCD97669865DFA2A7D10A25C5ADE708B0A42C83C8BF7269D9651C741A4242122BCCB8D3D3EA8936B67FCFD8708C">
	<Header Version="2" DateCreated="2020-09-18" TimeCreated="09:15:33" AUTHOR="" COMMENTS=""/>
	<KnowledgeObjects ObjID="1667330122-57122-18685-170-185">
		<KnowledgeObject ObjID="3352775466-24667-17974-186-167">
			<KnowledgeDocuments>
				<KnowledgeDocument Type="PDF" Name="13690-09.PDF" ObjID="4164597966-44645-20133-157-106" DocRef="2462894822-45744-17245-132-6.dat"/>
			</KnowledgeDocuments>
			<KnowledgeFields>
				<Field Name="SignerName" Value="John Campbell-Higgens"/>
				<Field Name="SignerEmail" Value="john.campbellhiggens@kofax.com"/>
				<Field Name="PackageName" Value="Test"/>
			</KnowledgeFields>
		</KnowledgeObject>
	</KnowledgeObjects>
</AutoStore>
