<?xml version="1.0" encoding="utf-8"?>
<AutoStore NSI_SIG2="183053AA2916ADAB5EEB4ED03CA01FFA406886118FD5350229DB27297479E39F95106F7796B0D3886CB204B925450CA6">
	<Header Version="2" DateCreated="2020-09-18" TimeCreated="09:18:51" AUTHOR="" COMMENTS=""/>
	<KnowledgeObjects ObjID="2623182136-64146-19829-134-156">
		<KnowledgeObject ObjID="3936630633-46471-17619-184-210">
			<KnowledgeDocuments>
				<KnowledgeDocument Type="PDF" Name="13690-09.PDF" ObjID="3522431139-55976-16782-180-171" DocRef="4133767426-44115-20255-141-7.dat"/>
			</KnowledgeDocuments>
			<KnowledgeFields>
				<Field Name="SignerName" Value="John Campbell-Higgens"/>
				<Field Name="SignerEmail" Value="john.campbellhiggens@kofax.com"/>
				<Field Name="PackageName" Value="UK Nordic Team"/>
			</KnowledgeFields>
		</KnowledgeObject>
	</KnowledgeObjects>
</AutoStore>
